filename,label
Image_1.jpg,158.Bay_breasted_Warbler
Image_2.jpg,158.Bay_breasted_Warbler
Image_3.jpg,158.Bay_breasted_Warbler
Image_4.jpg,158.Bay_breasted_Warbler
Image_5.jpg,158.Bay_breasted_Warbler
Image_6.jpg,158.Bay_breasted_Warbler
Image_7.jpg,158.Bay_breasted_Warbler
Image_8.jpg,158.Bay_breasted_Warbler
Image_9.jpg,158.Bay_breasted_Warbler
Image_10.jpg,158.Bay_breasted_Warbler
Image_11.jpg,158.Bay_breasted_Warbler
Image_12.jpg,158.Bay_breasted_Warbler
Image_13.jpg,158.Bay_breasted_Warbler
Image_14.jpg,158.Bay_breasted_Warbler
Image_15.jpg,158.Bay_breasted_Warbler
Image_16.jpg,158.Bay_breasted_Warbler
Image_17.jpg,158.Bay_breasted_Warbler
Image_18.jpg,158.Bay_breasted_Warbler
Image_19.jpg,158.Bay_breasted_Warbler
Image_20.jpg,158.Bay_breasted_Warbler
Image_21.jpg,158.Bay_breasted_Warbler
Image_22.jpg,158.Bay_breasted_Warbler
Image_23.jpg,158.Bay_breasted_Warbler
Image_24.jpg,158.Bay_breasted_Warbler
Image_25.jpg,158.Bay_breasted_Warbler
Image_26.jpg,158.Bay_breasted_Warbler
Image_27.jpg,158.Bay_breasted_Warbler
Image_28.jpg,158.Bay_breasted_Warbler
Image_29.jpg,158.Bay_breasted_Warbler
Image_30.jpg,158.Bay_breasted_Warbler
Image_31.jpg,158.Bay_breasted_Warbler
Image_32.jpg,158.Bay_breasted_Warbler
Image_33.jpg,158.Bay_breasted_Warbler
Image_34.jpg,158.Bay_breasted_Warbler
Image_35.jpg,158.Bay_breasted_Warbler
Image_36.jpg,158.Bay_breasted_Warbler
Image_37.jpg,158.Bay_breasted_Warbler
Image_38.jpg,158.Bay_breasted_Warbler
Image_39.jpg,158.Bay_breasted_Warbler
Image_40.jpg,158.Bay_breasted_Warbler
Image_41.jpg,158.Bay_breasted_Warbler
Image_42.jpg,158.Bay_breasted_Warbler
Image_43.jpg,158.Bay_breasted_Warbler
Image_44.jpg,158.Bay_breasted_Warbler
Image_45.jpg,158.Bay_breasted_Warbler
Image_46.jpg,158.Bay_breasted_Warbler
Image_47.jpg,158.Bay_breasted_Warbler
Image_48.jpg,158.Bay_breasted_Warbler
Image_49.jpg,158.Bay_breasted_Warbler
Image_50.jpg,158.Bay_breasted_Warbler
Image_51.jpg,158.Bay_breasted_Warbler
Image_52.jpg,158.Bay_breasted_Warbler
Image_53.jpg,158.Bay_breasted_Warbler
Image_54.jpg,158.Bay_breasted_Warbler
Image_55.jpg,158.Bay_breasted_Warbler
Image_56.jpg,158.Bay_breasted_Warbler
Image_57.jpg,158.Bay_breasted_Warbler
Image_58.jpg,158.Bay_breasted_Warbler
Image_59.jpg,158.Bay_breasted_Warbler
Image_60.jpg,158.Bay_breasted_Warbler
Image_61.jpg,159.Black_and_white_Warbler
Image_62.jpg,159.Black_and_white_Warbler
Image_63.jpg,159.Black_and_white_Warbler
Image_64.jpg,159.Black_and_white_Warbler
Image_65.jpg,159.Black_and_white_Warbler
Image_66.jpg,159.Black_and_white_Warbler
Image_67.jpg,159.Black_and_white_Warbler
Image_68.jpg,159.Black_and_white_Warbler
Image_69.jpg,159.Black_and_white_Warbler
Image_70.jpg,159.Black_and_white_Warbler
Image_71.jpg,159.Black_and_white_Warbler
Image_72.jpg,159.Black_and_white_Warbler
Image_73.jpg,159.Black_and_white_Warbler
Image_74.jpg,159.Black_and_white_Warbler
Image_75.jpg,159.Black_and_white_Warbler
Image_76.jpg,159.Black_and_white_Warbler
Image_77.jpg,159.Black_and_white_Warbler
Image_78.jpg,159.Black_and_white_Warbler
Image_79.jpg,159.Black_and_white_Warbler
Image_80.jpg,159.Black_and_white_Warbler
Image_81.jpg,159.Black_and_white_Warbler
Image_82.jpg,159.Black_and_white_Warbler
Image_83.jpg,159.Black_and_white_Warbler
Image_84.jpg,159.Black_and_white_Warbler
Image_85.jpg,159.Black_and_white_Warbler
Image_86.jpg,159.Black_and_white_Warbler
Image_87.jpg,159.Black_and_white_Warbler
Image_88.jpg,159.Black_and_white_Warbler
Image_89.jpg,159.Black_and_white_Warbler
Image_90.jpg,159.Black_and_white_Warbler
Image_91.jpg,159.Black_and_white_Warbler
Image_92.jpg,159.Black_and_white_Warbler
Image_93.jpg,159.Black_and_white_Warbler
Image_94.jpg,159.Black_and_white_Warbler
Image_95.jpg,159.Black_and_white_Warbler
Image_96.jpg,159.Black_and_white_Warbler
Image_97.jpg,159.Black_and_white_Warbler
Image_98.jpg,159.Black_and_white_Warbler
Image_99.jpg,159.Black_and_white_Warbler
Image_100.jpg,159.Black_and_white_Warbler
Image_101.jpg,159.Black_and_white_Warbler
Image_102.jpg,159.Black_and_white_Warbler
Image_103.jpg,159.Black_and_white_Warbler
Image_104.jpg,159.Black_and_white_Warbler
Image_105.jpg,159.Black_and_white_Warbler
Image_106.jpg,159.Black_and_white_Warbler
Image_107.jpg,159.Black_and_white_Warbler
Image_108.jpg,159.Black_and_white_Warbler
Image_109.jpg,159.Black_and_white_Warbler
Image_110.jpg,159.Black_and_white_Warbler
Image_111.jpg,159.Black_and_white_Warbler
Image_112.jpg,159.Black_and_white_Warbler
Image_113.jpg,159.Black_and_white_Warbler
Image_114.jpg,159.Black_and_white_Warbler
Image_115.jpg,159.Black_and_white_Warbler
Image_116.jpg,159.Black_and_white_Warbler
Image_117.jpg,159.Black_and_white_Warbler
Image_118.jpg,159.Black_and_white_Warbler
Image_119.jpg,159.Black_and_white_Warbler
Image_120.jpg,159.Black_and_white_Warbler
Image_121.jpg,160.Black_throated_Blue_Warbler
Image_122.jpg,160.Black_throated_Blue_Warbler
Image_123.jpg,160.Black_throated_Blue_Warbler
Image_124.jpg,160.Black_throated_Blue_Warbler
Image_125.jpg,160.Black_throated_Blue_Warbler
Image_126.jpg,160.Black_throated_Blue_Warbler
Image_127.jpg,160.Black_throated_Blue_Warbler
Image_128.jpg,160.Black_throated_Blue_Warbler
Image_129.jpg,160.Black_throated_Blue_Warbler
Image_130.jpg,160.Black_throated_Blue_Warbler
Image_131.jpg,160.Black_throated_Blue_Warbler
Image_132.jpg,160.Black_throated_Blue_Warbler
Image_133.jpg,160.Black_throated_Blue_Warbler
Image_134.jpg,160.Black_throated_Blue_Warbler
Image_135.jpg,160.Black_throated_Blue_Warbler
Image_136.jpg,160.Black_throated_Blue_Warbler
Image_137.jpg,160.Black_throated_Blue_Warbler
Image_138.jpg,160.Black_throated_Blue_Warbler
Image_139.jpg,160.Black_throated_Blue_Warbler
Image_140.jpg,160.Black_throated_Blue_Warbler
Image_141.jpg,160.Black_throated_Blue_Warbler
Image_142.jpg,160.Black_throated_Blue_Warbler
Image_143.jpg,160.Black_throated_Blue_Warbler
Image_144.jpg,160.Black_throated_Blue_Warbler
Image_145.jpg,160.Black_throated_Blue_Warbler
Image_146.jpg,160.Black_throated_Blue_Warbler
Image_147.jpg,160.Black_throated_Blue_Warbler
Image_148.jpg,160.Black_throated_Blue_Warbler
Image_149.jpg,160.Black_throated_Blue_Warbler
Image_150.jpg,160.Black_throated_Blue_Warbler
Image_151.jpg,160.Black_throated_Blue_Warbler
Image_152.jpg,160.Black_throated_Blue_Warbler
Image_153.jpg,160.Black_throated_Blue_Warbler
Image_154.jpg,160.Black_throated_Blue_Warbler
Image_155.jpg,160.Black_throated_Blue_Warbler
Image_156.jpg,160.Black_throated_Blue_Warbler
Image_157.jpg,160.Black_throated_Blue_Warbler
Image_158.jpg,160.Black_throated_Blue_Warbler
Image_159.jpg,160.Black_throated_Blue_Warbler
Image_160.jpg,160.Black_throated_Blue_Warbler
Image_161.jpg,160.Black_throated_Blue_Warbler
Image_162.jpg,160.Black_throated_Blue_Warbler
Image_163.jpg,160.Black_throated_Blue_Warbler
Image_164.jpg,160.Black_throated_Blue_Warbler
Image_165.jpg,160.Black_throated_Blue_Warbler
Image_166.jpg,160.Black_throated_Blue_Warbler
Image_167.jpg,160.Black_throated_Blue_Warbler
Image_168.jpg,160.Black_throated_Blue_Warbler
Image_169.jpg,160.Black_throated_Blue_Warbler
Image_170.jpg,160.Black_throated_Blue_Warbler
Image_171.jpg,160.Black_throated_Blue_Warbler
Image_172.jpg,160.Black_throated_Blue_Warbler
Image_173.jpg,160.Black_throated_Blue_Warbler
Image_174.jpg,160.Black_throated_Blue_Warbler
Image_175.jpg,160.Black_throated_Blue_Warbler
Image_176.jpg,160.Black_throated_Blue_Warbler
Image_177.jpg,160.Black_throated_Blue_Warbler
Image_178.jpg,160.Black_throated_Blue_Warbler
Image_179.jpg,160.Black_throated_Blue_Warbler
Image_180.jpg,161.Blue_winged_Warbler
Image_181.jpg,161.Blue_winged_Warbler
Image_182.jpg,161.Blue_winged_Warbler
Image_183.jpg,161.Blue_winged_Warbler
Image_184.jpg,161.Blue_winged_Warbler
Image_185.jpg,161.Blue_winged_Warbler
Image_186.jpg,161.Blue_winged_Warbler
Image_187.jpg,161.Blue_winged_Warbler
Image_188.jpg,161.Blue_winged_Warbler
Image_189.jpg,161.Blue_winged_Warbler
Image_190.jpg,161.Blue_winged_Warbler
Image_191.jpg,161.Blue_winged_Warbler
Image_192.jpg,161.Blue_winged_Warbler
Image_193.jpg,161.Blue_winged_Warbler
Image_194.jpg,161.Blue_winged_Warbler
Image_195.jpg,161.Blue_winged_Warbler
Image_196.jpg,161.Blue_winged_Warbler
Image_197.jpg,161.Blue_winged_Warbler
Image_198.jpg,161.Blue_winged_Warbler
Image_199.jpg,161.Blue_winged_Warbler
Image_200.jpg,161.Blue_winged_Warbler
Image_201.jpg,161.Blue_winged_Warbler
Image_202.jpg,161.Blue_winged_Warbler
Image_203.jpg,161.Blue_winged_Warbler
Image_204.jpg,161.Blue_winged_Warbler
Image_205.jpg,161.Blue_winged_Warbler
Image_206.jpg,161.Blue_winged_Warbler
Image_207.jpg,161.Blue_winged_Warbler
Image_208.jpg,161.Blue_winged_Warbler
Image_209.jpg,161.Blue_winged_Warbler
Image_210.jpg,161.Blue_winged_Warbler
Image_211.jpg,161.Blue_winged_Warbler
Image_212.jpg,161.Blue_winged_Warbler
Image_213.jpg,161.Blue_winged_Warbler
Image_214.jpg,161.Blue_winged_Warbler
Image_215.jpg,161.Blue_winged_Warbler
Image_216.jpg,161.Blue_winged_Warbler
Image_217.jpg,161.Blue_winged_Warbler
Image_218.jpg,161.Blue_winged_Warbler
Image_219.jpg,161.Blue_winged_Warbler
Image_220.jpg,161.Blue_winged_Warbler
Image_221.jpg,161.Blue_winged_Warbler
Image_222.jpg,161.Blue_winged_Warbler
Image_223.jpg,161.Blue_winged_Warbler
Image_224.jpg,161.Blue_winged_Warbler
Image_225.jpg,161.Blue_winged_Warbler
Image_226.jpg,161.Blue_winged_Warbler
Image_227.jpg,161.Blue_winged_Warbler
Image_228.jpg,161.Blue_winged_Warbler
Image_229.jpg,161.Blue_winged_Warbler
Image_230.jpg,161.Blue_winged_Warbler
Image_231.jpg,161.Blue_winged_Warbler
Image_232.jpg,161.Blue_winged_Warbler
Image_233.jpg,161.Blue_winged_Warbler
Image_234.jpg,161.Blue_winged_Warbler
Image_235.jpg,161.Blue_winged_Warbler
Image_236.jpg,161.Blue_winged_Warbler
Image_237.jpg,161.Blue_winged_Warbler
Image_238.jpg,161.Blue_winged_Warbler
Image_239.jpg,161.Blue_winged_Warbler
Image_240.jpg,162.Canada_Warbler
Image_241.jpg,162.Canada_Warbler
Image_242.jpg,162.Canada_Warbler
Image_243.jpg,162.Canada_Warbler
Image_244.jpg,162.Canada_Warbler
Image_245.jpg,162.Canada_Warbler
Image_246.jpg,162.Canada_Warbler
Image_247.jpg,162.Canada_Warbler
Image_248.jpg,162.Canada_Warbler
Image_249.jpg,162.Canada_Warbler
Image_250.jpg,162.Canada_Warbler
Image_251.jpg,162.Canada_Warbler
Image_252.jpg,162.Canada_Warbler
Image_253.jpg,162.Canada_Warbler
Image_254.jpg,162.Canada_Warbler
Image_255.jpg,162.Canada_Warbler
Image_256.jpg,162.Canada_Warbler
Image_257.jpg,162.Canada_Warbler
Image_258.jpg,162.Canada_Warbler
Image_259.jpg,162.Canada_Warbler
Image_260.jpg,162.Canada_Warbler
Image_261.jpg,162.Canada_Warbler
Image_262.jpg,162.Canada_Warbler
Image_263.jpg,162.Canada_Warbler
Image_264.jpg,162.Canada_Warbler
Image_265.jpg,162.Canada_Warbler
Image_266.jpg,162.Canada_Warbler
Image_267.jpg,162.Canada_Warbler
Image_268.jpg,162.Canada_Warbler
Image_269.jpg,162.Canada_Warbler
Image_270.jpg,162.Canada_Warbler
Image_271.jpg,162.Canada_Warbler
Image_272.jpg,162.Canada_Warbler
Image_273.jpg,162.Canada_Warbler
Image_274.jpg,162.Canada_Warbler
Image_275.jpg,162.Canada_Warbler
Image_276.jpg,162.Canada_Warbler
Image_277.jpg,162.Canada_Warbler
Image_278.jpg,162.Canada_Warbler
Image_279.jpg,162.Canada_Warbler
Image_280.jpg,162.Canada_Warbler
Image_281.jpg,162.Canada_Warbler
Image_282.jpg,162.Canada_Warbler
Image_283.jpg,162.Canada_Warbler
Image_284.jpg,162.Canada_Warbler
Image_285.jpg,162.Canada_Warbler
Image_286.jpg,162.Canada_Warbler
Image_287.jpg,162.Canada_Warbler
Image_288.jpg,162.Canada_Warbler
Image_289.jpg,162.Canada_Warbler
Image_290.jpg,162.Canada_Warbler
Image_291.jpg,162.Canada_Warbler
Image_292.jpg,162.Canada_Warbler
Image_293.jpg,162.Canada_Warbler
Image_294.jpg,162.Canada_Warbler
Image_295.jpg,162.Canada_Warbler
Image_296.jpg,162.Canada_Warbler
Image_297.jpg,162.Canada_Warbler
Image_298.jpg,162.Canada_Warbler
Image_299.jpg,162.Canada_Warbler
Image_300.jpg,163.Cape_May_Warbler
Image_301.jpg,163.Cape_May_Warbler
Image_302.jpg,163.Cape_May_Warbler
Image_303.jpg,163.Cape_May_Warbler
Image_304.jpg,163.Cape_May_Warbler
Image_305.jpg,163.Cape_May_Warbler
Image_306.jpg,163.Cape_May_Warbler
Image_307.jpg,163.Cape_May_Warbler
Image_308.jpg,163.Cape_May_Warbler
Image_309.jpg,163.Cape_May_Warbler
Image_310.jpg,163.Cape_May_Warbler
Image_311.jpg,163.Cape_May_Warbler
Image_312.jpg,163.Cape_May_Warbler
Image_313.jpg,163.Cape_May_Warbler
Image_314.jpg,163.Cape_May_Warbler
Image_315.jpg,163.Cape_May_Warbler
Image_316.jpg,163.Cape_May_Warbler
Image_317.jpg,163.Cape_May_Warbler
Image_318.jpg,163.Cape_May_Warbler
Image_319.jpg,163.Cape_May_Warbler
Image_320.jpg,163.Cape_May_Warbler
Image_321.jpg,163.Cape_May_Warbler
Image_322.jpg,163.Cape_May_Warbler
Image_323.jpg,163.Cape_May_Warbler
Image_324.jpg,163.Cape_May_Warbler
Image_325.jpg,163.Cape_May_Warbler
Image_326.jpg,163.Cape_May_Warbler
Image_327.jpg,163.Cape_May_Warbler
Image_328.jpg,163.Cape_May_Warbler
Image_329.jpg,163.Cape_May_Warbler
Image_330.jpg,163.Cape_May_Warbler
Image_331.jpg,163.Cape_May_Warbler
Image_332.jpg,163.Cape_May_Warbler
Image_333.jpg,163.Cape_May_Warbler
Image_334.jpg,163.Cape_May_Warbler
Image_335.jpg,163.Cape_May_Warbler
Image_336.jpg,163.Cape_May_Warbler
Image_337.jpg,163.Cape_May_Warbler
Image_338.jpg,163.Cape_May_Warbler
Image_339.jpg,163.Cape_May_Warbler
Image_340.jpg,163.Cape_May_Warbler
Image_341.jpg,163.Cape_May_Warbler
Image_342.jpg,163.Cape_May_Warbler
Image_343.jpg,163.Cape_May_Warbler
Image_344.jpg,163.Cape_May_Warbler
Image_345.jpg,163.Cape_May_Warbler
Image_346.jpg,163.Cape_May_Warbler
Image_347.jpg,163.Cape_May_Warbler
Image_348.jpg,163.Cape_May_Warbler
Image_349.jpg,163.Cape_May_Warbler
Image_350.jpg,163.Cape_May_Warbler
Image_351.jpg,163.Cape_May_Warbler
Image_352.jpg,163.Cape_May_Warbler
Image_353.jpg,163.Cape_May_Warbler
Image_354.jpg,163.Cape_May_Warbler
Image_355.jpg,163.Cape_May_Warbler
Image_356.jpg,163.Cape_May_Warbler
Image_357.jpg,163.Cape_May_Warbler
Image_358.jpg,163.Cape_May_Warbler
Image_359.jpg,163.Cape_May_Warbler
Image_360.jpg,164.Cerulean_Warbler
Image_361.jpg,164.Cerulean_Warbler
Image_362.jpg,164.Cerulean_Warbler
Image_363.jpg,164.Cerulean_Warbler
Image_364.jpg,164.Cerulean_Warbler
Image_365.jpg,164.Cerulean_Warbler
Image_366.jpg,164.Cerulean_Warbler
Image_367.jpg,164.Cerulean_Warbler
Image_368.jpg,164.Cerulean_Warbler
Image_369.jpg,164.Cerulean_Warbler
Image_370.jpg,164.Cerulean_Warbler
Image_371.jpg,164.Cerulean_Warbler
Image_372.jpg,164.Cerulean_Warbler
Image_373.jpg,164.Cerulean_Warbler
Image_374.jpg,164.Cerulean_Warbler
Image_375.jpg,164.Cerulean_Warbler
Image_376.jpg,164.Cerulean_Warbler
Image_377.jpg,164.Cerulean_Warbler
Image_378.jpg,164.Cerulean_Warbler
Image_379.jpg,164.Cerulean_Warbler
Image_380.jpg,164.Cerulean_Warbler
Image_381.jpg,164.Cerulean_Warbler
Image_382.jpg,164.Cerulean_Warbler
Image_383.jpg,164.Cerulean_Warbler
Image_384.jpg,164.Cerulean_Warbler
Image_385.jpg,164.Cerulean_Warbler
Image_386.jpg,164.Cerulean_Warbler
Image_387.jpg,164.Cerulean_Warbler
Image_388.jpg,164.Cerulean_Warbler
Image_389.jpg,164.Cerulean_Warbler
Image_390.jpg,164.Cerulean_Warbler
Image_391.jpg,164.Cerulean_Warbler
Image_392.jpg,164.Cerulean_Warbler
Image_393.jpg,164.Cerulean_Warbler
Image_394.jpg,164.Cerulean_Warbler
Image_395.jpg,164.Cerulean_Warbler
Image_396.jpg,164.Cerulean_Warbler
Image_397.jpg,164.Cerulean_Warbler
Image_398.jpg,164.Cerulean_Warbler
Image_399.jpg,164.Cerulean_Warbler
Image_400.jpg,164.Cerulean_Warbler
Image_401.jpg,164.Cerulean_Warbler
Image_402.jpg,164.Cerulean_Warbler
Image_403.jpg,164.Cerulean_Warbler
Image_404.jpg,164.Cerulean_Warbler
Image_405.jpg,164.Cerulean_Warbler
Image_406.jpg,164.Cerulean_Warbler
Image_407.jpg,164.Cerulean_Warbler
Image_408.jpg,164.Cerulean_Warbler
Image_409.jpg,164.Cerulean_Warbler
Image_410.jpg,164.Cerulean_Warbler
Image_411.jpg,164.Cerulean_Warbler
Image_412.jpg,164.Cerulean_Warbler
Image_413.jpg,164.Cerulean_Warbler
Image_414.jpg,164.Cerulean_Warbler
Image_415.jpg,164.Cerulean_Warbler
Image_416.jpg,164.Cerulean_Warbler
Image_417.jpg,164.Cerulean_Warbler
Image_418.jpg,164.Cerulean_Warbler
Image_419.jpg,164.Cerulean_Warbler
Image_420.jpg,165.Chestnut_sided_Warbler
Image_421.jpg,165.Chestnut_sided_Warbler
Image_422.jpg,165.Chestnut_sided_Warbler
Image_423.jpg,165.Chestnut_sided_Warbler
Image_424.jpg,165.Chestnut_sided_Warbler
Image_425.jpg,165.Chestnut_sided_Warbler
Image_426.jpg,165.Chestnut_sided_Warbler
Image_427.jpg,165.Chestnut_sided_Warbler
Image_428.jpg,165.Chestnut_sided_Warbler
Image_429.jpg,165.Chestnut_sided_Warbler
Image_430.jpg,165.Chestnut_sided_Warbler
Image_431.jpg,165.Chestnut_sided_Warbler
Image_432.jpg,165.Chestnut_sided_Warbler
Image_433.jpg,165.Chestnut_sided_Warbler
Image_434.jpg,165.Chestnut_sided_Warbler
Image_435.jpg,165.Chestnut_sided_Warbler
Image_436.jpg,165.Chestnut_sided_Warbler
Image_437.jpg,165.Chestnut_sided_Warbler
Image_438.jpg,165.Chestnut_sided_Warbler
Image_439.jpg,165.Chestnut_sided_Warbler
Image_440.jpg,165.Chestnut_sided_Warbler
Image_441.jpg,165.Chestnut_sided_Warbler
Image_442.jpg,165.Chestnut_sided_Warbler
Image_443.jpg,165.Chestnut_sided_Warbler
Image_444.jpg,165.Chestnut_sided_Warbler
Image_445.jpg,165.Chestnut_sided_Warbler
Image_446.jpg,165.Chestnut_sided_Warbler
Image_447.jpg,165.Chestnut_sided_Warbler
Image_448.jpg,165.Chestnut_sided_Warbler
Image_449.jpg,165.Chestnut_sided_Warbler
Image_450.jpg,165.Chestnut_sided_Warbler
Image_451.jpg,165.Chestnut_sided_Warbler
Image_452.jpg,165.Chestnut_sided_Warbler
Image_453.jpg,165.Chestnut_sided_Warbler
Image_454.jpg,165.Chestnut_sided_Warbler
Image_455.jpg,165.Chestnut_sided_Warbler
Image_456.jpg,165.Chestnut_sided_Warbler
Image_457.jpg,165.Chestnut_sided_Warbler
Image_458.jpg,165.Chestnut_sided_Warbler
Image_459.jpg,165.Chestnut_sided_Warbler
Image_460.jpg,165.Chestnut_sided_Warbler
Image_461.jpg,165.Chestnut_sided_Warbler
Image_462.jpg,165.Chestnut_sided_Warbler
Image_463.jpg,165.Chestnut_sided_Warbler
Image_464.jpg,165.Chestnut_sided_Warbler
Image_465.jpg,165.Chestnut_sided_Warbler
Image_466.jpg,165.Chestnut_sided_Warbler
Image_467.jpg,165.Chestnut_sided_Warbler
Image_468.jpg,165.Chestnut_sided_Warbler
Image_469.jpg,165.Chestnut_sided_Warbler
Image_470.jpg,165.Chestnut_sided_Warbler
Image_471.jpg,165.Chestnut_sided_Warbler
Image_472.jpg,165.Chestnut_sided_Warbler
Image_473.jpg,165.Chestnut_sided_Warbler
Image_474.jpg,165.Chestnut_sided_Warbler
Image_475.jpg,165.Chestnut_sided_Warbler
Image_476.jpg,165.Chestnut_sided_Warbler
Image_477.jpg,165.Chestnut_sided_Warbler
Image_478.jpg,165.Chestnut_sided_Warbler
Image_479.jpg,165.Chestnut_sided_Warbler
Image_480.jpg,166.Golden_winged_Warbler
Image_481.jpg,166.Golden_winged_Warbler
Image_482.jpg,166.Golden_winged_Warbler
Image_483.jpg,166.Golden_winged_Warbler
Image_484.jpg,166.Golden_winged_Warbler
Image_485.jpg,166.Golden_winged_Warbler
Image_486.jpg,166.Golden_winged_Warbler
Image_487.jpg,166.Golden_winged_Warbler
Image_488.jpg,166.Golden_winged_Warbler
Image_489.jpg,166.Golden_winged_Warbler
Image_490.jpg,166.Golden_winged_Warbler
Image_491.jpg,166.Golden_winged_Warbler
Image_492.jpg,166.Golden_winged_Warbler
Image_493.jpg,166.Golden_winged_Warbler
Image_494.jpg,166.Golden_winged_Warbler
Image_495.jpg,166.Golden_winged_Warbler
Image_496.jpg,166.Golden_winged_Warbler
Image_497.jpg,166.Golden_winged_Warbler
Image_498.jpg,166.Golden_winged_Warbler
Image_499.jpg,166.Golden_winged_Warbler
Image_500.jpg,166.Golden_winged_Warbler
Image_501.jpg,166.Golden_winged_Warbler
Image_502.jpg,166.Golden_winged_Warbler
Image_503.jpg,166.Golden_winged_Warbler
Image_504.jpg,166.Golden_winged_Warbler
Image_505.jpg,166.Golden_winged_Warbler
Image_506.jpg,166.Golden_winged_Warbler
Image_507.jpg,166.Golden_winged_Warbler
Image_508.jpg,166.Golden_winged_Warbler
Image_509.jpg,166.Golden_winged_Warbler
Image_510.jpg,166.Golden_winged_Warbler
Image_511.jpg,166.Golden_winged_Warbler
Image_512.jpg,166.Golden_winged_Warbler
Image_513.jpg,166.Golden_winged_Warbler
Image_514.jpg,166.Golden_winged_Warbler
Image_515.jpg,166.Golden_winged_Warbler
Image_516.jpg,166.Golden_winged_Warbler
Image_517.jpg,166.Golden_winged_Warbler
Image_518.jpg,166.Golden_winged_Warbler
Image_519.jpg,166.Golden_winged_Warbler
Image_520.jpg,166.Golden_winged_Warbler
Image_521.jpg,166.Golden_winged_Warbler
Image_522.jpg,166.Golden_winged_Warbler
Image_523.jpg,166.Golden_winged_Warbler
Image_524.jpg,166.Golden_winged_Warbler
Image_525.jpg,166.Golden_winged_Warbler
Image_526.jpg,166.Golden_winged_Warbler
Image_527.jpg,166.Golden_winged_Warbler
Image_528.jpg,166.Golden_winged_Warbler
Image_529.jpg,166.Golden_winged_Warbler
Image_530.jpg,166.Golden_winged_Warbler
Image_531.jpg,166.Golden_winged_Warbler
Image_532.jpg,166.Golden_winged_Warbler
Image_533.jpg,166.Golden_winged_Warbler
Image_534.jpg,166.Golden_winged_Warbler
Image_535.jpg,166.Golden_winged_Warbler
Image_536.jpg,166.Golden_winged_Warbler
Image_537.jpg,166.Golden_winged_Warbler
Image_538.jpg,166.Golden_winged_Warbler
Image_539.jpg,167.Hooded_Warbler
Image_540.jpg,167.Hooded_Warbler
Image_541.jpg,167.Hooded_Warbler
Image_542.jpg,167.Hooded_Warbler
Image_543.jpg,167.Hooded_Warbler
Image_544.jpg,167.Hooded_Warbler
Image_545.jpg,167.Hooded_Warbler
Image_546.jpg,167.Hooded_Warbler
Image_547.jpg,167.Hooded_Warbler
Image_548.jpg,167.Hooded_Warbler
Image_549.jpg,167.Hooded_Warbler
Image_550.jpg,167.Hooded_Warbler
Image_551.jpg,167.Hooded_Warbler
Image_552.jpg,167.Hooded_Warbler
Image_553.jpg,167.Hooded_Warbler
Image_554.jpg,167.Hooded_Warbler
Image_555.jpg,167.Hooded_Warbler
Image_556.jpg,167.Hooded_Warbler
Image_557.jpg,167.Hooded_Warbler
Image_558.jpg,167.Hooded_Warbler
Image_559.jpg,167.Hooded_Warbler
Image_560.jpg,167.Hooded_Warbler
Image_561.jpg,167.Hooded_Warbler
Image_562.jpg,167.Hooded_Warbler
Image_563.jpg,167.Hooded_Warbler
Image_564.jpg,167.Hooded_Warbler
Image_565.jpg,167.Hooded_Warbler
Image_566.jpg,167.Hooded_Warbler
Image_567.jpg,167.Hooded_Warbler
Image_568.jpg,167.Hooded_Warbler
Image_569.jpg,167.Hooded_Warbler
Image_570.jpg,167.Hooded_Warbler
Image_571.jpg,167.Hooded_Warbler
Image_572.jpg,167.Hooded_Warbler
Image_573.jpg,167.Hooded_Warbler
Image_574.jpg,167.Hooded_Warbler
Image_575.jpg,167.Hooded_Warbler
Image_576.jpg,167.Hooded_Warbler
Image_577.jpg,167.Hooded_Warbler
Image_578.jpg,167.Hooded_Warbler
Image_579.jpg,167.Hooded_Warbler
Image_580.jpg,167.Hooded_Warbler
Image_581.jpg,167.Hooded_Warbler
Image_582.jpg,167.Hooded_Warbler
Image_583.jpg,167.Hooded_Warbler
Image_584.jpg,167.Hooded_Warbler
Image_585.jpg,167.Hooded_Warbler
Image_586.jpg,167.Hooded_Warbler
Image_587.jpg,167.Hooded_Warbler
Image_588.jpg,167.Hooded_Warbler
Image_589.jpg,167.Hooded_Warbler
Image_590.jpg,167.Hooded_Warbler
Image_591.jpg,167.Hooded_Warbler
Image_592.jpg,167.Hooded_Warbler
Image_593.jpg,167.Hooded_Warbler
Image_594.jpg,167.Hooded_Warbler
Image_595.jpg,167.Hooded_Warbler
Image_596.jpg,167.Hooded_Warbler
Image_597.jpg,167.Hooded_Warbler
Image_598.jpg,167.Hooded_Warbler
Image_599.jpg,168.Kentucky_Warbler
Image_600.jpg,168.Kentucky_Warbler
Image_601.jpg,168.Kentucky_Warbler
Image_602.jpg,168.Kentucky_Warbler
Image_603.jpg,168.Kentucky_Warbler
Image_604.jpg,168.Kentucky_Warbler
Image_605.jpg,168.Kentucky_Warbler
Image_606.jpg,168.Kentucky_Warbler
Image_607.jpg,168.Kentucky_Warbler
Image_608.jpg,168.Kentucky_Warbler
Image_609.jpg,168.Kentucky_Warbler
Image_610.jpg,168.Kentucky_Warbler
Image_611.jpg,168.Kentucky_Warbler
Image_612.jpg,168.Kentucky_Warbler
Image_613.jpg,168.Kentucky_Warbler
Image_614.jpg,168.Kentucky_Warbler
Image_615.jpg,168.Kentucky_Warbler
Image_616.jpg,168.Kentucky_Warbler
Image_617.jpg,168.Kentucky_Warbler
Image_618.jpg,168.Kentucky_Warbler
Image_619.jpg,168.Kentucky_Warbler
Image_620.jpg,168.Kentucky_Warbler
Image_621.jpg,168.Kentucky_Warbler
Image_622.jpg,168.Kentucky_Warbler
Image_623.jpg,168.Kentucky_Warbler
Image_624.jpg,168.Kentucky_Warbler
Image_625.jpg,168.Kentucky_Warbler
Image_626.jpg,168.Kentucky_Warbler
Image_627.jpg,168.Kentucky_Warbler
Image_628.jpg,168.Kentucky_Warbler
Image_629.jpg,168.Kentucky_Warbler
Image_630.jpg,168.Kentucky_Warbler
Image_631.jpg,168.Kentucky_Warbler
Image_632.jpg,168.Kentucky_Warbler
Image_633.jpg,168.Kentucky_Warbler
Image_634.jpg,168.Kentucky_Warbler
Image_635.jpg,168.Kentucky_Warbler
Image_636.jpg,168.Kentucky_Warbler
Image_637.jpg,168.Kentucky_Warbler
Image_638.jpg,168.Kentucky_Warbler
Image_639.jpg,168.Kentucky_Warbler
Image_640.jpg,168.Kentucky_Warbler
Image_641.jpg,168.Kentucky_Warbler
Image_642.jpg,168.Kentucky_Warbler
Image_643.jpg,168.Kentucky_Warbler
Image_644.jpg,168.Kentucky_Warbler
Image_645.jpg,168.Kentucky_Warbler
Image_646.jpg,168.Kentucky_Warbler
Image_647.jpg,168.Kentucky_Warbler
Image_648.jpg,168.Kentucky_Warbler
Image_649.jpg,168.Kentucky_Warbler
Image_650.jpg,168.Kentucky_Warbler
Image_651.jpg,168.Kentucky_Warbler
Image_652.jpg,168.Kentucky_Warbler
Image_653.jpg,168.Kentucky_Warbler
Image_654.jpg,168.Kentucky_Warbler
Image_655.jpg,168.Kentucky_Warbler
Image_656.jpg,168.Kentucky_Warbler
Image_657.jpg,168.Kentucky_Warbler
Image_658.jpg,169.Magnolia_Warbler
Image_659.jpg,169.Magnolia_Warbler
Image_660.jpg,169.Magnolia_Warbler
Image_661.jpg,169.Magnolia_Warbler
Image_662.jpg,169.Magnolia_Warbler
Image_663.jpg,169.Magnolia_Warbler
Image_664.jpg,169.Magnolia_Warbler
Image_665.jpg,169.Magnolia_Warbler
Image_666.jpg,169.Magnolia_Warbler
Image_667.jpg,169.Magnolia_Warbler
Image_668.jpg,169.Magnolia_Warbler
Image_669.jpg,169.Magnolia_Warbler
Image_670.jpg,169.Magnolia_Warbler
Image_671.jpg,169.Magnolia_Warbler
Image_672.jpg,169.Magnolia_Warbler
Image_673.jpg,169.Magnolia_Warbler
Image_674.jpg,169.Magnolia_Warbler
Image_675.jpg,169.Magnolia_Warbler
Image_676.jpg,169.Magnolia_Warbler
Image_677.jpg,169.Magnolia_Warbler
Image_678.jpg,169.Magnolia_Warbler
Image_679.jpg,169.Magnolia_Warbler
Image_680.jpg,169.Magnolia_Warbler
Image_681.jpg,169.Magnolia_Warbler
Image_682.jpg,169.Magnolia_Warbler
Image_683.jpg,169.Magnolia_Warbler
Image_684.jpg,169.Magnolia_Warbler
Image_685.jpg,169.Magnolia_Warbler
Image_686.jpg,169.Magnolia_Warbler
Image_687.jpg,169.Magnolia_Warbler
Image_688.jpg,169.Magnolia_Warbler
Image_689.jpg,169.Magnolia_Warbler
Image_690.jpg,169.Magnolia_Warbler
Image_691.jpg,169.Magnolia_Warbler
Image_692.jpg,169.Magnolia_Warbler
Image_693.jpg,169.Magnolia_Warbler
Image_694.jpg,169.Magnolia_Warbler
Image_695.jpg,169.Magnolia_Warbler
Image_696.jpg,169.Magnolia_Warbler
Image_697.jpg,169.Magnolia_Warbler
Image_698.jpg,169.Magnolia_Warbler
Image_699.jpg,169.Magnolia_Warbler
Image_700.jpg,169.Magnolia_Warbler
Image_701.jpg,169.Magnolia_Warbler
Image_702.jpg,169.Magnolia_Warbler
Image_703.jpg,169.Magnolia_Warbler
Image_704.jpg,169.Magnolia_Warbler
Image_705.jpg,169.Magnolia_Warbler
Image_706.jpg,169.Magnolia_Warbler
Image_707.jpg,169.Magnolia_Warbler
Image_708.jpg,169.Magnolia_Warbler
Image_709.jpg,169.Magnolia_Warbler
Image_710.jpg,169.Magnolia_Warbler
Image_711.jpg,169.Magnolia_Warbler
Image_712.jpg,169.Magnolia_Warbler
Image_713.jpg,169.Magnolia_Warbler
Image_714.jpg,169.Magnolia_Warbler
Image_715.jpg,169.Magnolia_Warbler
Image_716.jpg,169.Magnolia_Warbler
Image_717.jpg,170.Mourning_Warbler
Image_718.jpg,170.Mourning_Warbler
Image_719.jpg,170.Mourning_Warbler
Image_720.jpg,170.Mourning_Warbler
Image_721.jpg,170.Mourning_Warbler
Image_722.jpg,170.Mourning_Warbler
Image_723.jpg,170.Mourning_Warbler
Image_724.jpg,170.Mourning_Warbler
Image_725.jpg,170.Mourning_Warbler
Image_726.jpg,170.Mourning_Warbler
Image_727.jpg,170.Mourning_Warbler
Image_728.jpg,170.Mourning_Warbler
Image_729.jpg,170.Mourning_Warbler
Image_730.jpg,170.Mourning_Warbler
Image_731.jpg,170.Mourning_Warbler
Image_732.jpg,170.Mourning_Warbler
Image_733.jpg,170.Mourning_Warbler
Image_734.jpg,170.Mourning_Warbler
Image_735.jpg,170.Mourning_Warbler
Image_736.jpg,170.Mourning_Warbler
Image_737.jpg,170.Mourning_Warbler
Image_738.jpg,170.Mourning_Warbler
Image_739.jpg,170.Mourning_Warbler
Image_740.jpg,170.Mourning_Warbler
Image_741.jpg,170.Mourning_Warbler
Image_742.jpg,170.Mourning_Warbler
Image_743.jpg,170.Mourning_Warbler
Image_744.jpg,170.Mourning_Warbler
Image_745.jpg,170.Mourning_Warbler
Image_746.jpg,170.Mourning_Warbler
Image_747.jpg,170.Mourning_Warbler
Image_748.jpg,170.Mourning_Warbler
Image_749.jpg,170.Mourning_Warbler
Image_750.jpg,170.Mourning_Warbler
Image_751.jpg,170.Mourning_Warbler
Image_752.jpg,170.Mourning_Warbler
Image_753.jpg,170.Mourning_Warbler
Image_754.jpg,170.Mourning_Warbler
Image_755.jpg,170.Mourning_Warbler
Image_756.jpg,170.Mourning_Warbler
Image_757.jpg,170.Mourning_Warbler
Image_758.jpg,170.Mourning_Warbler
Image_759.jpg,170.Mourning_Warbler
Image_760.jpg,170.Mourning_Warbler
Image_761.jpg,170.Mourning_Warbler
Image_762.jpg,170.Mourning_Warbler
Image_763.jpg,170.Mourning_Warbler
Image_764.jpg,170.Mourning_Warbler
Image_765.jpg,170.Mourning_Warbler
Image_766.jpg,170.Mourning_Warbler
Image_767.jpg,170.Mourning_Warbler
Image_768.jpg,170.Mourning_Warbler
Image_769.jpg,170.Mourning_Warbler
Image_770.jpg,170.Mourning_Warbler
Image_771.jpg,170.Mourning_Warbler
Image_772.jpg,170.Mourning_Warbler
Image_773.jpg,170.Mourning_Warbler
Image_774.jpg,170.Mourning_Warbler
Image_775.jpg,170.Mourning_Warbler
Image_776.jpg,170.Mourning_Warbler
Image_777.jpg,171.Myrtle_Warbler
Image_778.jpg,171.Myrtle_Warbler
Image_779.jpg,171.Myrtle_Warbler
Image_780.jpg,171.Myrtle_Warbler
Image_781.jpg,171.Myrtle_Warbler
Image_782.jpg,171.Myrtle_Warbler
Image_783.jpg,171.Myrtle_Warbler
Image_784.jpg,171.Myrtle_Warbler
Image_785.jpg,171.Myrtle_Warbler
Image_786.jpg,171.Myrtle_Warbler
Image_787.jpg,171.Myrtle_Warbler
Image_788.jpg,171.Myrtle_Warbler
Image_789.jpg,171.Myrtle_Warbler
Image_790.jpg,171.Myrtle_Warbler
Image_791.jpg,171.Myrtle_Warbler
Image_792.jpg,171.Myrtle_Warbler
Image_793.jpg,171.Myrtle_Warbler
Image_794.jpg,171.Myrtle_Warbler
Image_795.jpg,171.Myrtle_Warbler
Image_796.jpg,171.Myrtle_Warbler
Image_797.jpg,171.Myrtle_Warbler
Image_798.jpg,171.Myrtle_Warbler
Image_799.jpg,171.Myrtle_Warbler
Image_800.jpg,171.Myrtle_Warbler
Image_801.jpg,171.Myrtle_Warbler
Image_802.jpg,171.Myrtle_Warbler
Image_803.jpg,171.Myrtle_Warbler
Image_804.jpg,171.Myrtle_Warbler
Image_805.jpg,171.Myrtle_Warbler
Image_806.jpg,171.Myrtle_Warbler
Image_807.jpg,171.Myrtle_Warbler
Image_808.jpg,171.Myrtle_Warbler
Image_809.jpg,171.Myrtle_Warbler
Image_810.jpg,171.Myrtle_Warbler
Image_811.jpg,171.Myrtle_Warbler
Image_812.jpg,171.Myrtle_Warbler
Image_813.jpg,171.Myrtle_Warbler
Image_814.jpg,171.Myrtle_Warbler
Image_815.jpg,171.Myrtle_Warbler
Image_816.jpg,171.Myrtle_Warbler
Image_817.jpg,171.Myrtle_Warbler
Image_818.jpg,171.Myrtle_Warbler
Image_819.jpg,171.Myrtle_Warbler
Image_820.jpg,171.Myrtle_Warbler
Image_821.jpg,171.Myrtle_Warbler
Image_822.jpg,171.Myrtle_Warbler
Image_823.jpg,171.Myrtle_Warbler
Image_824.jpg,171.Myrtle_Warbler
Image_825.jpg,171.Myrtle_Warbler
Image_826.jpg,171.Myrtle_Warbler
Image_827.jpg,171.Myrtle_Warbler
Image_828.jpg,171.Myrtle_Warbler
Image_829.jpg,171.Myrtle_Warbler
Image_830.jpg,171.Myrtle_Warbler
Image_831.jpg,171.Myrtle_Warbler
Image_832.jpg,171.Myrtle_Warbler
Image_833.jpg,171.Myrtle_Warbler
Image_834.jpg,171.Myrtle_Warbler
Image_835.jpg,171.Myrtle_Warbler
Image_836.jpg,171.Myrtle_Warbler
Image_837.jpg,172.Nashville_Warbler
Image_838.jpg,172.Nashville_Warbler
Image_839.jpg,172.Nashville_Warbler
Image_840.jpg,172.Nashville_Warbler
Image_841.jpg,172.Nashville_Warbler
Image_842.jpg,172.Nashville_Warbler
Image_843.jpg,172.Nashville_Warbler
Image_844.jpg,172.Nashville_Warbler
Image_845.jpg,172.Nashville_Warbler
Image_846.jpg,172.Nashville_Warbler
Image_847.jpg,172.Nashville_Warbler
Image_848.jpg,172.Nashville_Warbler
Image_849.jpg,172.Nashville_Warbler
Image_850.jpg,172.Nashville_Warbler
Image_851.jpg,172.Nashville_Warbler
Image_852.jpg,172.Nashville_Warbler
Image_853.jpg,172.Nashville_Warbler
Image_854.jpg,172.Nashville_Warbler
Image_855.jpg,172.Nashville_Warbler
Image_856.jpg,172.Nashville_Warbler
Image_857.jpg,172.Nashville_Warbler
Image_858.jpg,172.Nashville_Warbler
Image_859.jpg,172.Nashville_Warbler
Image_860.jpg,172.Nashville_Warbler
Image_861.jpg,172.Nashville_Warbler
Image_862.jpg,172.Nashville_Warbler
Image_863.jpg,172.Nashville_Warbler
Image_864.jpg,172.Nashville_Warbler
Image_865.jpg,172.Nashville_Warbler
Image_866.jpg,172.Nashville_Warbler
Image_867.jpg,172.Nashville_Warbler
Image_868.jpg,172.Nashville_Warbler
Image_869.jpg,172.Nashville_Warbler
Image_870.jpg,172.Nashville_Warbler
Image_871.jpg,172.Nashville_Warbler
Image_872.jpg,172.Nashville_Warbler
Image_873.jpg,172.Nashville_Warbler
Image_874.jpg,172.Nashville_Warbler
Image_875.jpg,172.Nashville_Warbler
Image_876.jpg,172.Nashville_Warbler
Image_877.jpg,172.Nashville_Warbler
Image_878.jpg,172.Nashville_Warbler
Image_879.jpg,172.Nashville_Warbler
Image_880.jpg,172.Nashville_Warbler
Image_881.jpg,172.Nashville_Warbler
Image_882.jpg,172.Nashville_Warbler
Image_883.jpg,172.Nashville_Warbler
Image_884.jpg,172.Nashville_Warbler
Image_885.jpg,172.Nashville_Warbler
Image_886.jpg,172.Nashville_Warbler
Image_887.jpg,172.Nashville_Warbler
Image_888.jpg,172.Nashville_Warbler
Image_889.jpg,172.Nashville_Warbler
Image_890.jpg,172.Nashville_Warbler
Image_891.jpg,172.Nashville_Warbler
Image_892.jpg,172.Nashville_Warbler
Image_893.jpg,172.Nashville_Warbler
Image_894.jpg,172.Nashville_Warbler
Image_895.jpg,172.Nashville_Warbler
Image_896.jpg,172.Nashville_Warbler
Image_897.jpg,173.Orange_crowned_Warbler
Image_898.jpg,173.Orange_crowned_Warbler
Image_899.jpg,173.Orange_crowned_Warbler
Image_900.jpg,173.Orange_crowned_Warbler
Image_901.jpg,173.Orange_crowned_Warbler
Image_902.jpg,173.Orange_crowned_Warbler
Image_903.jpg,173.Orange_crowned_Warbler
Image_904.jpg,173.Orange_crowned_Warbler
Image_905.jpg,173.Orange_crowned_Warbler
Image_906.jpg,173.Orange_crowned_Warbler
Image_907.jpg,173.Orange_crowned_Warbler
Image_908.jpg,173.Orange_crowned_Warbler
Image_909.jpg,173.Orange_crowned_Warbler
Image_910.jpg,173.Orange_crowned_Warbler
Image_911.jpg,173.Orange_crowned_Warbler
Image_912.jpg,173.Orange_crowned_Warbler
Image_913.jpg,173.Orange_crowned_Warbler
Image_914.jpg,173.Orange_crowned_Warbler
Image_915.jpg,173.Orange_crowned_Warbler
Image_916.jpg,173.Orange_crowned_Warbler
Image_917.jpg,173.Orange_crowned_Warbler
Image_918.jpg,173.Orange_crowned_Warbler
Image_919.jpg,173.Orange_crowned_Warbler
Image_920.jpg,173.Orange_crowned_Warbler
Image_921.jpg,173.Orange_crowned_Warbler
Image_922.jpg,173.Orange_crowned_Warbler
Image_923.jpg,173.Orange_crowned_Warbler
Image_924.jpg,173.Orange_crowned_Warbler
Image_925.jpg,173.Orange_crowned_Warbler
Image_926.jpg,173.Orange_crowned_Warbler
Image_927.jpg,173.Orange_crowned_Warbler
Image_928.jpg,173.Orange_crowned_Warbler
Image_929.jpg,173.Orange_crowned_Warbler
Image_930.jpg,173.Orange_crowned_Warbler
Image_931.jpg,173.Orange_crowned_Warbler
Image_932.jpg,173.Orange_crowned_Warbler
Image_933.jpg,173.Orange_crowned_Warbler
Image_934.jpg,173.Orange_crowned_Warbler
Image_935.jpg,173.Orange_crowned_Warbler
Image_936.jpg,173.Orange_crowned_Warbler
Image_937.jpg,173.Orange_crowned_Warbler
Image_938.jpg,173.Orange_crowned_Warbler
Image_939.jpg,173.Orange_crowned_Warbler
Image_940.jpg,173.Orange_crowned_Warbler
Image_941.jpg,173.Orange_crowned_Warbler
Image_942.jpg,173.Orange_crowned_Warbler
Image_943.jpg,173.Orange_crowned_Warbler
Image_944.jpg,173.Orange_crowned_Warbler
Image_945.jpg,173.Orange_crowned_Warbler
Image_946.jpg,173.Orange_crowned_Warbler
Image_947.jpg,173.Orange_crowned_Warbler
Image_948.jpg,173.Orange_crowned_Warbler
Image_949.jpg,173.Orange_crowned_Warbler
Image_950.jpg,173.Orange_crowned_Warbler
Image_951.jpg,173.Orange_crowned_Warbler
Image_952.jpg,173.Orange_crowned_Warbler
Image_953.jpg,173.Orange_crowned_Warbler
Image_954.jpg,173.Orange_crowned_Warbler
Image_955.jpg,173.Orange_crowned_Warbler
Image_956.jpg,173.Orange_crowned_Warbler
Image_957.jpg,174.Palm_Warbler
Image_958.jpg,174.Palm_Warbler
Image_959.jpg,174.Palm_Warbler
Image_960.jpg,174.Palm_Warbler
Image_961.jpg,174.Palm_Warbler
Image_962.jpg,174.Palm_Warbler
Image_963.jpg,174.Palm_Warbler
Image_964.jpg,174.Palm_Warbler
Image_965.jpg,174.Palm_Warbler
Image_966.jpg,174.Palm_Warbler
Image_967.jpg,174.Palm_Warbler
Image_968.jpg,174.Palm_Warbler
Image_969.jpg,174.Palm_Warbler
Image_970.jpg,174.Palm_Warbler
Image_971.jpg,174.Palm_Warbler
Image_972.jpg,174.Palm_Warbler
Image_973.jpg,174.Palm_Warbler
Image_974.jpg,174.Palm_Warbler
Image_975.jpg,174.Palm_Warbler
Image_976.jpg,174.Palm_Warbler
Image_977.jpg,174.Palm_Warbler
Image_978.jpg,174.Palm_Warbler
Image_979.jpg,174.Palm_Warbler
Image_980.jpg,174.Palm_Warbler
Image_981.jpg,174.Palm_Warbler
Image_982.jpg,174.Palm_Warbler
Image_983.jpg,174.Palm_Warbler
Image_984.jpg,174.Palm_Warbler
Image_985.jpg,174.Palm_Warbler
Image_986.jpg,174.Palm_Warbler
Image_987.jpg,174.Palm_Warbler
Image_988.jpg,174.Palm_Warbler
Image_989.jpg,174.Palm_Warbler
Image_990.jpg,174.Palm_Warbler
Image_991.jpg,174.Palm_Warbler
Image_992.jpg,174.Palm_Warbler
Image_993.jpg,174.Palm_Warbler
Image_994.jpg,174.Palm_Warbler
Image_995.jpg,174.Palm_Warbler
Image_996.jpg,174.Palm_Warbler
Image_997.jpg,174.Palm_Warbler
Image_998.jpg,174.Palm_Warbler
Image_999.jpg,174.Palm_Warbler
Image_1000.jpg,174.Palm_Warbler
Image_1001.jpg,174.Palm_Warbler
Image_1002.jpg,174.Palm_Warbler
Image_1003.jpg,174.Palm_Warbler
Image_1004.jpg,174.Palm_Warbler
Image_1005.jpg,174.Palm_Warbler
Image_1006.jpg,174.Palm_Warbler
Image_1007.jpg,174.Palm_Warbler
Image_1008.jpg,174.Palm_Warbler
Image_1009.jpg,174.Palm_Warbler
Image_1010.jpg,174.Palm_Warbler
Image_1011.jpg,174.Palm_Warbler
Image_1012.jpg,174.Palm_Warbler
Image_1013.jpg,174.Palm_Warbler
Image_1014.jpg,174.Palm_Warbler
Image_1015.jpg,174.Palm_Warbler
Image_1016.jpg,174.Palm_Warbler
Image_1017.jpg,175.Pine_Warbler
Image_1018.jpg,175.Pine_Warbler
Image_1019.jpg,175.Pine_Warbler
Image_1020.jpg,175.Pine_Warbler
Image_1021.jpg,175.Pine_Warbler
Image_1022.jpg,175.Pine_Warbler
Image_1023.jpg,175.Pine_Warbler
Image_1024.jpg,175.Pine_Warbler
Image_1025.jpg,175.Pine_Warbler
Image_1026.jpg,175.Pine_Warbler
Image_1027.jpg,175.Pine_Warbler
Image_1028.jpg,175.Pine_Warbler
Image_1029.jpg,175.Pine_Warbler
Image_1030.jpg,175.Pine_Warbler
Image_1031.jpg,175.Pine_Warbler
Image_1032.jpg,175.Pine_Warbler
Image_1033.jpg,175.Pine_Warbler
Image_1034.jpg,175.Pine_Warbler
Image_1035.jpg,175.Pine_Warbler
Image_1036.jpg,175.Pine_Warbler
Image_1037.jpg,175.Pine_Warbler
Image_1038.jpg,175.Pine_Warbler
Image_1039.jpg,175.Pine_Warbler
Image_1040.jpg,175.Pine_Warbler
Image_1041.jpg,175.Pine_Warbler
Image_1042.jpg,175.Pine_Warbler
Image_1043.jpg,175.Pine_Warbler
Image_1044.jpg,175.Pine_Warbler
Image_1045.jpg,175.Pine_Warbler
Image_1046.jpg,175.Pine_Warbler
Image_1047.jpg,175.Pine_Warbler
Image_1048.jpg,175.Pine_Warbler
Image_1049.jpg,175.Pine_Warbler
Image_1050.jpg,175.Pine_Warbler
Image_1051.jpg,175.Pine_Warbler
Image_1052.jpg,175.Pine_Warbler
Image_1053.jpg,175.Pine_Warbler
Image_1054.jpg,175.Pine_Warbler
Image_1055.jpg,175.Pine_Warbler
Image_1056.jpg,175.Pine_Warbler
Image_1057.jpg,175.Pine_Warbler
Image_1058.jpg,175.Pine_Warbler
Image_1059.jpg,175.Pine_Warbler
Image_1060.jpg,175.Pine_Warbler
Image_1061.jpg,175.Pine_Warbler
Image_1062.jpg,175.Pine_Warbler
Image_1063.jpg,175.Pine_Warbler
Image_1064.jpg,175.Pine_Warbler
Image_1065.jpg,175.Pine_Warbler
Image_1066.jpg,175.Pine_Warbler
Image_1067.jpg,175.Pine_Warbler
Image_1068.jpg,175.Pine_Warbler
Image_1069.jpg,175.Pine_Warbler
Image_1070.jpg,175.Pine_Warbler
Image_1071.jpg,175.Pine_Warbler
Image_1072.jpg,175.Pine_Warbler
Image_1073.jpg,175.Pine_Warbler
Image_1074.jpg,175.Pine_Warbler
Image_1075.jpg,175.Pine_Warbler
Image_1076.jpg,175.Pine_Warbler
Image_1077.jpg,176.Prairie_Warbler
Image_1078.jpg,176.Prairie_Warbler
Image_1079.jpg,176.Prairie_Warbler
Image_1080.jpg,176.Prairie_Warbler
Image_1081.jpg,176.Prairie_Warbler
Image_1082.jpg,176.Prairie_Warbler
Image_1083.jpg,176.Prairie_Warbler
Image_1084.jpg,176.Prairie_Warbler
Image_1085.jpg,176.Prairie_Warbler
Image_1086.jpg,176.Prairie_Warbler
Image_1087.jpg,176.Prairie_Warbler
Image_1088.jpg,176.Prairie_Warbler
Image_1089.jpg,176.Prairie_Warbler
Image_1090.jpg,176.Prairie_Warbler
Image_1091.jpg,176.Prairie_Warbler
Image_1092.jpg,176.Prairie_Warbler
Image_1093.jpg,176.Prairie_Warbler
Image_1094.jpg,176.Prairie_Warbler
Image_1095.jpg,176.Prairie_Warbler
Image_1096.jpg,176.Prairie_Warbler
Image_1097.jpg,176.Prairie_Warbler
Image_1098.jpg,176.Prairie_Warbler
Image_1099.jpg,176.Prairie_Warbler
Image_1100.jpg,176.Prairie_Warbler
Image_1101.jpg,176.Prairie_Warbler
Image_1102.jpg,176.Prairie_Warbler
Image_1103.jpg,176.Prairie_Warbler
Image_1104.jpg,176.Prairie_Warbler
Image_1105.jpg,176.Prairie_Warbler
Image_1106.jpg,176.Prairie_Warbler
Image_1107.jpg,176.Prairie_Warbler
Image_1108.jpg,176.Prairie_Warbler
Image_1109.jpg,176.Prairie_Warbler
Image_1110.jpg,176.Prairie_Warbler
Image_1111.jpg,176.Prairie_Warbler
Image_1112.jpg,176.Prairie_Warbler
Image_1113.jpg,176.Prairie_Warbler
Image_1114.jpg,176.Prairie_Warbler
Image_1115.jpg,176.Prairie_Warbler
Image_1116.jpg,176.Prairie_Warbler
Image_1117.jpg,176.Prairie_Warbler
Image_1118.jpg,176.Prairie_Warbler
Image_1119.jpg,176.Prairie_Warbler
Image_1120.jpg,176.Prairie_Warbler
Image_1121.jpg,176.Prairie_Warbler
Image_1122.jpg,176.Prairie_Warbler
Image_1123.jpg,176.Prairie_Warbler
Image_1124.jpg,176.Prairie_Warbler
Image_1125.jpg,176.Prairie_Warbler
Image_1126.jpg,176.Prairie_Warbler
Image_1127.jpg,176.Prairie_Warbler
Image_1128.jpg,176.Prairie_Warbler
Image_1129.jpg,176.Prairie_Warbler
Image_1130.jpg,176.Prairie_Warbler
Image_1131.jpg,176.Prairie_Warbler
Image_1132.jpg,176.Prairie_Warbler
Image_1133.jpg,176.Prairie_Warbler
Image_1134.jpg,176.Prairie_Warbler
Image_1135.jpg,176.Prairie_Warbler
Image_1136.jpg,176.Prairie_Warbler
Image_1137.jpg,177.Prothonotary_Warbler
Image_1138.jpg,177.Prothonotary_Warbler
Image_1139.jpg,177.Prothonotary_Warbler
Image_1140.jpg,177.Prothonotary_Warbler
Image_1141.jpg,177.Prothonotary_Warbler
Image_1142.jpg,177.Prothonotary_Warbler
Image_1143.jpg,177.Prothonotary_Warbler
Image_1144.jpg,177.Prothonotary_Warbler
Image_1145.jpg,177.Prothonotary_Warbler
Image_1146.jpg,177.Prothonotary_Warbler
Image_1147.jpg,177.Prothonotary_Warbler
Image_1148.jpg,177.Prothonotary_Warbler
Image_1149.jpg,177.Prothonotary_Warbler
Image_1150.jpg,177.Prothonotary_Warbler
Image_1151.jpg,177.Prothonotary_Warbler
Image_1152.jpg,177.Prothonotary_Warbler
Image_1153.jpg,177.Prothonotary_Warbler
Image_1154.jpg,177.Prothonotary_Warbler
Image_1155.jpg,177.Prothonotary_Warbler
Image_1156.jpg,177.Prothonotary_Warbler
Image_1157.jpg,177.Prothonotary_Warbler
Image_1158.jpg,177.Prothonotary_Warbler
Image_1159.jpg,177.Prothonotary_Warbler
Image_1160.jpg,177.Prothonotary_Warbler
Image_1161.jpg,177.Prothonotary_Warbler
Image_1162.jpg,177.Prothonotary_Warbler
Image_1163.jpg,177.Prothonotary_Warbler
Image_1164.jpg,177.Prothonotary_Warbler
Image_1165.jpg,177.Prothonotary_Warbler
Image_1166.jpg,177.Prothonotary_Warbler
Image_1167.jpg,177.Prothonotary_Warbler
Image_1168.jpg,177.Prothonotary_Warbler
Image_1169.jpg,177.Prothonotary_Warbler
Image_1170.jpg,177.Prothonotary_Warbler
Image_1171.jpg,177.Prothonotary_Warbler
Image_1172.jpg,177.Prothonotary_Warbler
Image_1173.jpg,177.Prothonotary_Warbler
Image_1174.jpg,177.Prothonotary_Warbler
Image_1175.jpg,177.Prothonotary_Warbler
Image_1176.jpg,177.Prothonotary_Warbler
Image_1177.jpg,177.Prothonotary_Warbler
Image_1178.jpg,177.Prothonotary_Warbler
Image_1179.jpg,177.Prothonotary_Warbler
Image_1180.jpg,177.Prothonotary_Warbler
Image_1181.jpg,177.Prothonotary_Warbler
Image_1182.jpg,177.Prothonotary_Warbler
Image_1183.jpg,177.Prothonotary_Warbler
Image_1184.jpg,177.Prothonotary_Warbler
Image_1185.jpg,177.Prothonotary_Warbler
Image_1186.jpg,177.Prothonotary_Warbler
Image_1187.jpg,177.Prothonotary_Warbler
Image_1188.jpg,177.Prothonotary_Warbler
Image_1189.jpg,177.Prothonotary_Warbler
Image_1190.jpg,177.Prothonotary_Warbler
Image_1191.jpg,177.Prothonotary_Warbler
Image_1192.jpg,177.Prothonotary_Warbler
Image_1193.jpg,177.Prothonotary_Warbler
Image_1194.jpg,177.Prothonotary_Warbler
Image_1195.jpg,177.Prothonotary_Warbler
Image_1196.jpg,177.Prothonotary_Warbler
Image_1197.jpg,178.Swainson_Warbler
Image_1198.jpg,178.Swainson_Warbler
Image_1199.jpg,178.Swainson_Warbler
Image_1200.jpg,178.Swainson_Warbler
Image_1201.jpg,178.Swainson_Warbler
Image_1202.jpg,178.Swainson_Warbler
Image_1203.jpg,178.Swainson_Warbler
Image_1204.jpg,178.Swainson_Warbler
Image_1205.jpg,178.Swainson_Warbler
Image_1206.jpg,178.Swainson_Warbler
Image_1207.jpg,178.Swainson_Warbler
Image_1208.jpg,178.Swainson_Warbler
Image_1209.jpg,178.Swainson_Warbler
Image_1210.jpg,178.Swainson_Warbler
Image_1211.jpg,178.Swainson_Warbler
Image_1212.jpg,178.Swainson_Warbler
Image_1213.jpg,178.Swainson_Warbler
Image_1214.jpg,178.Swainson_Warbler
Image_1215.jpg,178.Swainson_Warbler
Image_1216.jpg,178.Swainson_Warbler
Image_1217.jpg,178.Swainson_Warbler
Image_1218.jpg,178.Swainson_Warbler
Image_1219.jpg,178.Swainson_Warbler
Image_1220.jpg,178.Swainson_Warbler
Image_1221.jpg,178.Swainson_Warbler
Image_1222.jpg,178.Swainson_Warbler
Image_1223.jpg,178.Swainson_Warbler
Image_1224.jpg,178.Swainson_Warbler
Image_1225.jpg,178.Swainson_Warbler
Image_1226.jpg,178.Swainson_Warbler
Image_1227.jpg,178.Swainson_Warbler
Image_1228.jpg,178.Swainson_Warbler
Image_1229.jpg,178.Swainson_Warbler
Image_1230.jpg,178.Swainson_Warbler
Image_1231.jpg,178.Swainson_Warbler
Image_1232.jpg,178.Swainson_Warbler
Image_1233.jpg,178.Swainson_Warbler
Image_1234.jpg,178.Swainson_Warbler
Image_1235.jpg,178.Swainson_Warbler
Image_1236.jpg,178.Swainson_Warbler
Image_1237.jpg,178.Swainson_Warbler
Image_1238.jpg,178.Swainson_Warbler
Image_1239.jpg,178.Swainson_Warbler
Image_1240.jpg,178.Swainson_Warbler
Image_1241.jpg,178.Swainson_Warbler
Image_1242.jpg,178.Swainson_Warbler
Image_1243.jpg,178.Swainson_Warbler
Image_1244.jpg,178.Swainson_Warbler
Image_1245.jpg,178.Swainson_Warbler
Image_1246.jpg,178.Swainson_Warbler
Image_1247.jpg,178.Swainson_Warbler
Image_1248.jpg,178.Swainson_Warbler
Image_1249.jpg,178.Swainson_Warbler
Image_1250.jpg,178.Swainson_Warbler
Image_1251.jpg,178.Swainson_Warbler
Image_1252.jpg,178.Swainson_Warbler
Image_1253.jpg,179.Tennessee_Warbler
Image_1254.jpg,179.Tennessee_Warbler
Image_1255.jpg,179.Tennessee_Warbler
Image_1256.jpg,179.Tennessee_Warbler
Image_1257.jpg,179.Tennessee_Warbler
Image_1258.jpg,179.Tennessee_Warbler
Image_1259.jpg,179.Tennessee_Warbler
Image_1260.jpg,179.Tennessee_Warbler
Image_1261.jpg,179.Tennessee_Warbler
Image_1262.jpg,179.Tennessee_Warbler
Image_1263.jpg,179.Tennessee_Warbler
Image_1264.jpg,179.Tennessee_Warbler
Image_1265.jpg,179.Tennessee_Warbler
Image_1266.jpg,179.Tennessee_Warbler
Image_1267.jpg,179.Tennessee_Warbler
Image_1268.jpg,179.Tennessee_Warbler
Image_1269.jpg,179.Tennessee_Warbler
Image_1270.jpg,179.Tennessee_Warbler
Image_1271.jpg,179.Tennessee_Warbler
Image_1272.jpg,179.Tennessee_Warbler
Image_1273.jpg,179.Tennessee_Warbler
Image_1274.jpg,179.Tennessee_Warbler
Image_1275.jpg,179.Tennessee_Warbler
Image_1276.jpg,179.Tennessee_Warbler
Image_1277.jpg,179.Tennessee_Warbler
Image_1278.jpg,179.Tennessee_Warbler
Image_1279.jpg,179.Tennessee_Warbler
Image_1280.jpg,179.Tennessee_Warbler
Image_1281.jpg,179.Tennessee_Warbler
Image_1282.jpg,179.Tennessee_Warbler
Image_1283.jpg,179.Tennessee_Warbler
Image_1284.jpg,179.Tennessee_Warbler
Image_1285.jpg,179.Tennessee_Warbler
Image_1286.jpg,179.Tennessee_Warbler
Image_1287.jpg,179.Tennessee_Warbler
Image_1288.jpg,179.Tennessee_Warbler
Image_1289.jpg,179.Tennessee_Warbler
Image_1290.jpg,179.Tennessee_Warbler
Image_1291.jpg,179.Tennessee_Warbler
Image_1292.jpg,179.Tennessee_Warbler
Image_1293.jpg,179.Tennessee_Warbler
Image_1294.jpg,179.Tennessee_Warbler
Image_1295.jpg,179.Tennessee_Warbler
Image_1296.jpg,179.Tennessee_Warbler
Image_1297.jpg,179.Tennessee_Warbler
Image_1298.jpg,179.Tennessee_Warbler
Image_1299.jpg,179.Tennessee_Warbler
Image_1300.jpg,179.Tennessee_Warbler
Image_1301.jpg,179.Tennessee_Warbler
Image_1302.jpg,179.Tennessee_Warbler
Image_1303.jpg,179.Tennessee_Warbler
Image_1304.jpg,179.Tennessee_Warbler
Image_1305.jpg,179.Tennessee_Warbler
Image_1306.jpg,179.Tennessee_Warbler
Image_1307.jpg,179.Tennessee_Warbler
Image_1308.jpg,179.Tennessee_Warbler
Image_1309.jpg,179.Tennessee_Warbler
Image_1310.jpg,179.Tennessee_Warbler
Image_1311.jpg,179.Tennessee_Warbler
Image_1312.jpg,180.Wilson_Warbler
Image_1313.jpg,180.Wilson_Warbler
Image_1314.jpg,180.Wilson_Warbler
Image_1315.jpg,180.Wilson_Warbler
Image_1316.jpg,180.Wilson_Warbler
Image_1317.jpg,180.Wilson_Warbler
Image_1318.jpg,180.Wilson_Warbler
Image_1319.jpg,180.Wilson_Warbler
Image_1320.jpg,180.Wilson_Warbler
Image_1321.jpg,180.Wilson_Warbler
Image_1322.jpg,180.Wilson_Warbler
Image_1323.jpg,180.Wilson_Warbler
Image_1324.jpg,180.Wilson_Warbler
Image_1325.jpg,180.Wilson_Warbler
Image_1326.jpg,180.Wilson_Warbler
Image_1327.jpg,180.Wilson_Warbler
Image_1328.jpg,180.Wilson_Warbler
Image_1329.jpg,180.Wilson_Warbler
Image_1330.jpg,180.Wilson_Warbler
Image_1331.jpg,180.Wilson_Warbler
Image_1332.jpg,180.Wilson_Warbler
Image_1333.jpg,180.Wilson_Warbler
Image_1334.jpg,180.Wilson_Warbler
Image_1335.jpg,180.Wilson_Warbler
Image_1336.jpg,180.Wilson_Warbler
Image_1337.jpg,180.Wilson_Warbler
Image_1338.jpg,180.Wilson_Warbler
Image_1339.jpg,180.Wilson_Warbler
Image_1340.jpg,180.Wilson_Warbler
Image_1341.jpg,180.Wilson_Warbler
Image_1342.jpg,180.Wilson_Warbler
Image_1343.jpg,180.Wilson_Warbler
Image_1344.jpg,180.Wilson_Warbler
Image_1345.jpg,180.Wilson_Warbler
Image_1346.jpg,180.Wilson_Warbler
Image_1347.jpg,180.Wilson_Warbler
Image_1348.jpg,180.Wilson_Warbler
Image_1349.jpg,180.Wilson_Warbler
Image_1350.jpg,180.Wilson_Warbler
Image_1351.jpg,180.Wilson_Warbler
Image_1352.jpg,180.Wilson_Warbler
Image_1353.jpg,180.Wilson_Warbler
Image_1354.jpg,180.Wilson_Warbler
Image_1355.jpg,180.Wilson_Warbler
Image_1356.jpg,180.Wilson_Warbler
Image_1357.jpg,180.Wilson_Warbler
Image_1358.jpg,180.Wilson_Warbler
Image_1359.jpg,180.Wilson_Warbler
Image_1360.jpg,180.Wilson_Warbler
Image_1361.jpg,180.Wilson_Warbler
Image_1362.jpg,180.Wilson_Warbler
Image_1363.jpg,180.Wilson_Warbler
Image_1364.jpg,180.Wilson_Warbler
Image_1365.jpg,180.Wilson_Warbler
Image_1366.jpg,180.Wilson_Warbler
Image_1367.jpg,180.Wilson_Warbler
Image_1368.jpg,180.Wilson_Warbler
Image_1369.jpg,180.Wilson_Warbler
Image_1370.jpg,180.Wilson_Warbler
Image_1371.jpg,180.Wilson_Warbler
Image_1372.jpg,181.Worm_eating_Warbler
Image_1373.jpg,181.Worm_eating_Warbler
Image_1374.jpg,181.Worm_eating_Warbler
Image_1375.jpg,181.Worm_eating_Warbler
Image_1376.jpg,181.Worm_eating_Warbler
Image_1377.jpg,181.Worm_eating_Warbler
Image_1378.jpg,181.Worm_eating_Warbler
Image_1379.jpg,181.Worm_eating_Warbler
Image_1380.jpg,181.Worm_eating_Warbler
Image_1381.jpg,181.Worm_eating_Warbler
Image_1382.jpg,181.Worm_eating_Warbler
Image_1383.jpg,181.Worm_eating_Warbler
Image_1384.jpg,181.Worm_eating_Warbler
Image_1385.jpg,181.Worm_eating_Warbler
Image_1386.jpg,181.Worm_eating_Warbler
Image_1387.jpg,181.Worm_eating_Warbler
Image_1388.jpg,181.Worm_eating_Warbler
Image_1389.jpg,181.Worm_eating_Warbler
Image_1390.jpg,181.Worm_eating_Warbler
Image_1391.jpg,181.Worm_eating_Warbler
Image_1392.jpg,181.Worm_eating_Warbler
Image_1393.jpg,181.Worm_eating_Warbler
Image_1394.jpg,181.Worm_eating_Warbler
Image_1395.jpg,181.Worm_eating_Warbler
Image_1396.jpg,181.Worm_eating_Warbler
Image_1397.jpg,181.Worm_eating_Warbler
Image_1398.jpg,181.Worm_eating_Warbler
Image_1399.jpg,181.Worm_eating_Warbler
Image_1400.jpg,181.Worm_eating_Warbler
Image_1401.jpg,181.Worm_eating_Warbler
Image_1402.jpg,181.Worm_eating_Warbler
Image_1403.jpg,181.Worm_eating_Warbler
Image_1404.jpg,181.Worm_eating_Warbler
Image_1405.jpg,181.Worm_eating_Warbler
Image_1406.jpg,181.Worm_eating_Warbler
Image_1407.jpg,181.Worm_eating_Warbler
Image_1408.jpg,181.Worm_eating_Warbler
Image_1409.jpg,181.Worm_eating_Warbler
Image_1410.jpg,181.Worm_eating_Warbler
Image_1411.jpg,181.Worm_eating_Warbler
Image_1412.jpg,181.Worm_eating_Warbler
Image_1413.jpg,181.Worm_eating_Warbler
Image_1414.jpg,181.Worm_eating_Warbler
Image_1415.jpg,181.Worm_eating_Warbler
Image_1416.jpg,181.Worm_eating_Warbler
Image_1417.jpg,181.Worm_eating_Warbler
Image_1418.jpg,181.Worm_eating_Warbler
Image_1419.jpg,181.Worm_eating_Warbler
Image_1420.jpg,181.Worm_eating_Warbler
Image_1421.jpg,181.Worm_eating_Warbler
Image_1422.jpg,181.Worm_eating_Warbler
Image_1423.jpg,181.Worm_eating_Warbler
Image_1424.jpg,181.Worm_eating_Warbler
Image_1425.jpg,181.Worm_eating_Warbler
Image_1426.jpg,181.Worm_eating_Warbler
Image_1427.jpg,181.Worm_eating_Warbler
Image_1428.jpg,181.Worm_eating_Warbler
Image_1429.jpg,181.Worm_eating_Warbler
Image_1430.jpg,181.Worm_eating_Warbler
Image_1431.jpg,182.Yellow_Warbler
Image_1432.jpg,182.Yellow_Warbler
Image_1433.jpg,182.Yellow_Warbler
Image_1434.jpg,182.Yellow_Warbler
Image_1435.jpg,182.Yellow_Warbler
Image_1436.jpg,182.Yellow_Warbler
Image_1437.jpg,182.Yellow_Warbler
Image_1438.jpg,182.Yellow_Warbler
Image_1439.jpg,182.Yellow_Warbler
Image_1440.jpg,182.Yellow_Warbler
Image_1441.jpg,182.Yellow_Warbler
Image_1442.jpg,182.Yellow_Warbler
Image_1443.jpg,182.Yellow_Warbler
Image_1444.jpg,182.Yellow_Warbler
Image_1445.jpg,182.Yellow_Warbler
Image_1446.jpg,182.Yellow_Warbler
Image_1447.jpg,182.Yellow_Warbler
Image_1448.jpg,182.Yellow_Warbler
Image_1449.jpg,182.Yellow_Warbler
Image_1450.jpg,182.Yellow_Warbler
Image_1451.jpg,182.Yellow_Warbler
Image_1452.jpg,182.Yellow_Warbler
Image_1453.jpg,182.Yellow_Warbler
Image_1454.jpg,182.Yellow_Warbler
Image_1455.jpg,182.Yellow_Warbler
Image_1456.jpg,182.Yellow_Warbler
Image_1457.jpg,182.Yellow_Warbler
Image_1458.jpg,182.Yellow_Warbler
Image_1459.jpg,182.Yellow_Warbler
Image_1460.jpg,182.Yellow_Warbler
Image_1461.jpg,182.Yellow_Warbler
Image_1462.jpg,182.Yellow_Warbler
Image_1463.jpg,182.Yellow_Warbler
Image_1464.jpg,182.Yellow_Warbler
Image_1465.jpg,182.Yellow_Warbler
Image_1466.jpg,182.Yellow_Warbler
Image_1467.jpg,182.Yellow_Warbler
Image_1468.jpg,182.Yellow_Warbler
Image_1469.jpg,182.Yellow_Warbler
Image_1470.jpg,182.Yellow_Warbler
Image_1471.jpg,182.Yellow_Warbler
Image_1472.jpg,182.Yellow_Warbler
Image_1473.jpg,182.Yellow_Warbler
Image_1474.jpg,182.Yellow_Warbler
Image_1475.jpg,182.Yellow_Warbler
Image_1476.jpg,182.Yellow_Warbler
Image_1477.jpg,182.Yellow_Warbler
Image_1478.jpg,182.Yellow_Warbler
Image_1479.jpg,182.Yellow_Warbler
Image_1480.jpg,182.Yellow_Warbler
Image_1481.jpg,182.Yellow_Warbler
Image_1482.jpg,182.Yellow_Warbler
Image_1483.jpg,182.Yellow_Warbler
Image_1484.jpg,182.Yellow_Warbler
Image_1485.jpg,182.Yellow_Warbler
Image_1486.jpg,182.Yellow_Warbler
Image_1487.jpg,182.Yellow_Warbler
Image_1488.jpg,182.Yellow_Warbler
Image_1489.jpg,182.Yellow_Warbler
Image_1490.jpg,182.Yellow_Warbler
